workload,family,backend,repeat,reps,batch_size,size_metric,elapsed_seconds,inner_iterations,estimate_mean,truth,bias,rmse,valid_reps,failed_reps,source_type,validation_seed,r_version,platform,source
mean_n250_r10000,mean_scale,numpy,1,10000,2000,2500000,0.038544799986993894,1,0.5002621232433978,0.5,0.0002621232433978049,0.06287889291636257,10000,0,python,,,,
mean_n250_r10000,mean_scale,torch_cpu,1,10000,2000,2500000,0.057513499981723726,1,0.4994781609514972,0.5,-0.0005218390485027813,0.06353125481685895,10000,0,python,,,,
mean_n250_r10000,mean_scale,torch_xpu,1,10000,2000,2500000,0.0053450000123120844,1,0.4994080986663699,0.5,-0.0005919013336300738,0.06391954885279977,10000,0,python,,,,
mean_n250_r10000,mean_scale,torch_cpu,2,10000,2000,2500000,0.052916100015863776,1,0.5004724593475117,0.5,0.00047245934751172225,0.0635919229088969,10000,0,python,,,,
mean_n250_r10000,mean_scale,torch_xpu,2,10000,2000,2500000,0.005277299991576001,1,0.499634120900929,0.5,-0.00036587909907098703,0.06341920112785566,10000,0,python,,,,
mean_n250_r10000,mean_scale,numpy,2,10000,2000,2500000,0.047189800010528415,1,0.5001599813466554,0.5,0.0001599813466554023,0.06293088598648983,10000,0,python,,,,
mean_n250_r10000,mean_scale,torch_xpu,3,10000,2000,2500000,0.004618000006303191,1,0.4998358882695437,0.5,-0.00016411173045627336,0.06354589956227429,10000,0,python,,,,
mean_n250_r10000,mean_scale,numpy,3,10000,2000,2500000,0.04579629999352619,1,0.49928146965961406,0.5,-0.0007185303403859367,0.06325488589122283,10000,0,python,,,,
mean_n250_r10000,mean_scale,torch_cpu,3,10000,2000,2500000,0.05331529999966733,1,0.5001387198117357,0.5,0.00013871981173574355,0.06409965460973573,10000,0,python,,,,
mean_n250_r10000,mean_scale,numpy,4,10000,2000,2500000,0.04075569999986328,1,0.5006226448676091,0.5,0.0006226448676091012,0.06339240274988986,10000,0,python,,,,
mean_n250_r10000,mean_scale,torch_cpu,4,10000,2000,2500000,0.054823100013891235,1,0.4999798290981321,0.5,-2.0170901867899715e-05,0.06251181443827403,10000,0,python,,,,
mean_n250_r10000,mean_scale,torch_xpu,4,10000,2000,2500000,0.004364699998404831,1,0.5000511004224419,0.5,5.110042244194091e-05,0.06332014523688426,10000,0,python,,,,
mean_n250_r10000,mean_scale,torch_cpu,5,10000,2000,2500000,0.053990399988833815,1,0.5014659024297012,0.5,0.001465902429701238,0.0636283485554263,10000,0,python,,,,
mean_n250_r10000,mean_scale,torch_xpu,5,10000,2000,2500000,0.004585299990139902,1,0.4999324871450663,0.5,-6.751285493372672e-05,0.06395652288682876,10000,0,python,,,,
mean_n250_r10000,mean_scale,numpy,5,10000,2000,2500000,0.04876949999015778,1,0.4996988049900159,0.5,-0.000301195009984101,0.06309870186744167,10000,0,python,,,,
mean_n500_r10000,mean_scale,torch_cpu,1,10000,2000,5000000,0.10004709998611361,1,0.49993817469287966,0.5,-6.182530712034451e-05,0.044670672520329885,10000,0,python,,,,
mean_n500_r10000,mean_scale,torch_xpu,1,10000,2000,5000000,0.0038904999964870512,1,0.49987211420834066,0.5,-0.00012788579165934344,0.04474092345149943,10000,0,python,,,,
mean_n500_r10000,mean_scale,numpy,1,10000,2000,5000000,0.08286749999388121,1,0.500280454967979,0.5,0.0002804549679790158,0.045057250177141545,10000,0,python,,,,
mean_n500_r10000,mean_scale,torch_xpu,2,10000,2000,5000000,0.0045575999829452485,1,0.4995721200495959,0.5,-0.00042787995040410864,0.04435664582849344,10000,0,python,,,,
mean_n500_r10000,mean_scale,numpy,2,10000,2000,5000000,0.08745570000610314,1,0.49976336199799276,0.5,-0.00023663800200723895,0.04435704851064808,10000,0,python,,,,
mean_n500_r10000,mean_scale,torch_cpu,2,10000,2000,5000000,0.09474060000502504,1,0.4999577329137272,0.5,-4.226708627280695e-05,0.04493466627627325,10000,0,python,,,,
mean_n500_r10000,mean_scale,numpy,3,10000,2000,5000000,0.08171160001074895,1,0.500036329721663,0.5,3.632972166300874e-05,0.04487469091733509,10000,0,python,,,,
mean_n500_r10000,mean_scale,torch_cpu,3,10000,2000,5000000,0.10242959999595769,1,0.5000896870872883,0.5,8.968708728829267e-05,0.045065062695475,10000,0,python,,,,
mean_n500_r10000,mean_scale,torch_xpu,3,10000,2000,5000000,0.005084600008558482,1,0.5001115389198064,0.5,0.00011153891980641983,0.04487618614423444,10000,0,python,,,,
mean_n500_r10000,mean_scale,torch_cpu,4,10000,2000,5000000,0.09620699999504723,1,0.5005326119340637,0.5,0.0005326119340637314,0.04400808957188449,10000,0,python,,,,
mean_n500_r10000,mean_scale,torch_xpu,4,10000,2000,5000000,0.004139900003792718,1,0.49995963409245014,0.5,-4.036590754985525e-05,0.045241636977627744,10000,0,python,,,,
mean_n500_r10000,mean_scale,numpy,4,10000,2000,5000000,0.08117969997692853,1,0.5006649624622646,0.5,0.0006649624622645511,0.045247043234689956,10000,0,python,,,,
mean_n500_r10000,mean_scale,torch_xpu,5,10000,2000,5000000,0.004798100009793416,1,0.4996522209823131,0.5,-0.0003477790176869,0.045057090770368756,10000,0,python,,,,
mean_n500_r10000,mean_scale,numpy,5,10000,2000,5000000,0.08228669999516569,1,0.5001306271023485,0.5,0.0001306271023484573,0.044848192584577146,10000,0,python,,,,
mean_n500_r10000,mean_scale,torch_cpu,5,10000,2000,5000000,0.09728469999390654,1,0.5006120993999968,0.5,0.000612099399996846,0.044900091025625956,10000,0,python,,,,
mean_n1000_r10000,mean_scale,torch_xpu,1,10000,2000,10000000,0.004696999996667728,1,0.49982161609232423,0.5,-0.00017838390767577206,0.03126942683789487,10000,0,python,,,,
mean_n1000_r10000,mean_scale,numpy,1,10000,2000,10000000,0.1739374000171665,1,0.4999943461505002,0.5,-5.653849499798191e-06,0.03137368720361239,10000,0,python,,,,
mean_n1000_r10000,mean_scale,torch_cpu,1,10000,2000,10000000,0.1996684999903664,1,0.5002145014648259,0.5,0.00021450146482593357,0.031426875074375686,10000,0,python,,,,
mean_n1000_r10000,mean_scale,numpy,2,10000,2000,10000000,0.1726284000033047,1,0.4997111598108783,0.5,-0.0002888401891216752,0.031210476979494233,10000,0,python,,,,
mean_n1000_r10000,mean_scale,torch_cpu,2,10000,2000,10000000,0.20277799997711554,1,0.49961422135551403,0.5,-0.0003857786444859679,0.032076063049698095,10000,0,python,,,,
mean_n1000_r10000,mean_scale,torch_xpu,2,10000,2000,10000000,0.007532200019340962,1,0.5000036301523446,0.5,3.630152344613613e-06,0.03167512636258357,10000,0,python,,,,
mean_n1000_r10000,mean_scale,torch_cpu,3,10000,2000,10000000,0.2160641999798827,1,0.5004123535395721,0.5,0.00041235353957214116,0.03159165461169363,10000,0,python,,,,
mean_n1000_r10000,mean_scale,torch_xpu,3,10000,2000,10000000,0.0067347000003792346,1,0.5001266480565071,0.5,0.00012664805650708377,0.03141521303994046,10000,0,python,,,,
mean_n1000_r10000,mean_scale,numpy,3,10000,2000,10000000,0.17124670001794584,1,0.500285253676902,0.5,0.00028525367690201975,0.03161434714667403,10000,0,python,,,,
mean_n1000_r10000,mean_scale,torch_xpu,4,10000,2000,10000000,0.005919600022025406,1,0.5001894159048796,0.5,0.00018941590487964177,0.031807148277033265,10000,0,python,,,,
mean_n1000_r10000,mean_scale,numpy,4,10000,2000,10000000,0.15692209999542683,1,0.5004543878813459,0.5,0.0004543878813458857,0.0315724107147846,10000,0,python,,,,
mean_n1000_r10000,mean_scale,torch_cpu,4,10000,2000,10000000,0.19756749999942258,1,0.5002927778772646,0.5,0.0002927778772645606,0.031111352837376,10000,0,python,,,,
mean_n1000_r10000,mean_scale,numpy,5,10000,2000,10000000,0.18036599998595193,1,0.49993622423858874,0.5,-6.377576141125552e-05,0.031626821119505794,10000,0,python,,,,
mean_n1000_r10000,mean_scale,torch_cpu,5,10000,2000,10000000,0.20663359999889508,1,0.5001706405791623,0.5,0.00017064057916227338,0.031394200071126664,10000,0,python,,,,
mean_n1000_r10000,mean_scale,torch_xpu,5,10000,2000,10000000,0.008137099997838959,1,0.49983826061189174,0.5,-0.00016173938810826183,0.03143082582484674,10000,0,python,,,,
mean_n2000_r10000,mean_scale,numpy,1,10000,2000,20000000,0.41702830002759583,1,0.4999223460529457,0.5,-7.765394705427919e-05,0.022386778217981806,10000,0,python,,,,
mean_n2000_r10000,mean_scale,torch_cpu,1,10000,2000,20000000,0.3958930999797303,1,0.5001593713177307,0.5,0.00015937131773069435,0.022296406083372983,10000,0,python,,,,
mean_n2000_r10000,mean_scale,torch_xpu,1,10000,2000,20000000,0.008557900000596419,1,0.4998970133602619,0.5,-0.00010298663973812294,0.02235889323776247,10000,0,python,,,,
mean_n2000_r10000,mean_scale,torch_cpu,2,10000,2000,20000000,0.42347129998961464,1,0.4997975757601521,0.5,-0.00020242423984789815,0.022414338455567034,10000,0,python,,,,
mean_n2000_r10000,mean_scale,torch_xpu,2,10000,2000,20000000,0.011569399997824803,1,0.5000704904943705,0.5,7.049049437046762e-05,0.02240680615367782,10000,0,python,,,,
mean_n2000_r10000,mean_scale,numpy,2,10000,2000,20000000,0.3786433999775909,1,0.49998987212372614,0.5,-1.0127876273857694e-05,0.02235154145042754,10000,0,python,,,,
mean_n2000_r10000,mean_scale,torch_xpu,3,10000,2000,20000000,0.011586600012378767,1,0.4998680236041546,0.5,-0.00013197639584539012,0.022120147819241855,10000,0,python,,,,
mean_n2000_r10000,mean_scale,numpy,3,10000,2000,20000000,0.3313876999891363,1,0.5001551413061216,0.5,0.00015514130612159782,0.022298087083696527,10000,0,python,,,,
mean_n2000_r10000,mean_scale,torch_cpu,3,10000,2000,20000000,0.4272416999738198,1,0.5000690040035858,0.5,6.900400358578196e-05,0.02226848719592326,10000,0,python,,,,
mean_n2000_r10000,mean_scale,numpy,4,10000,2000,20000000,0.40434799998183735,1,0.4999993348216342,0.5,-6.651783657773969e-07,0.022363151168537886,10000,0,python,,,,
mean_n2000_r10000,mean_scale,torch_cpu,4,10000,2000,20000000,0.4689358999894466,1,0.5002528041903479,0.5,0.00025280419034789947,0.022120191005187837,10000,0,python,,,,
mean_n2000_r10000,mean_scale,torch_xpu,4,10000,2000,20000000,0.00800049997633323,1,0.49979883050620555,0.5,-0.00020116949379445082,0.022438105341702614,10000,0,python,,,,
mean_n2000_r10000,mean_scale,torch_cpu,5,10000,2000,20000000,0.401621700002579,1,0.500449570885374,0.5,0.0004495708853740066,0.02222356466556198,10000,0,python,,,,
mean_n2000_r10000,mean_scale,torch_xpu,5,10000,2000,20000000,0.010587999975541607,1,0.49981409426629547,0.5,-0.0001859057337045278,0.022142078814707793,10000,0,python,,,,
mean_n2000_r10000,mean_scale,numpy,5,10000,2000,20000000,0.3786450000188779,1,0.5001213246201786,0.5,0.00012132462017855339,0.02229364673470507,10000,0,python,,,,
mean_n3000_r10000,mean_scale,torch_cpu,1,10000,2000,30000000,0.6062792000011541,1,0.5000356395104053,0.5,3.563951040530533e-05,0.01837725656351854,10000,0,python,,,,
mean_n3000_r10000,mean_scale,torch_xpu,1,10000,2000,30000000,0.014290600025560707,1,0.49999539198577403,0.5,-4.608014225970791e-06,0.018136488363942195,10000,0,python,,,,
mean_n3000_r10000,mean_scale,numpy,1,10000,2000,30000000,0.5049247000133619,1,0.5000194328246163,0.5,1.9432824616250066e-05,0.018411540306762595,10000,0,python,,,,
mean_n3000_r10000,mean_scale,torch_xpu,2,10000,2000,30000000,0.01547680000658147,1,0.5002496539950371,0.5,0.0002496539950370691,0.01840101850311411,10000,0,python,,,,
mean_n3000_r10000,mean_scale,numpy,2,10000,2000,30000000,0.47489920002408326,1,0.5000853960237126,0.5,8.53960237126028e-05,0.018360900525701263,10000,0,python,,,,
mean_n3000_r10000,mean_scale,torch_cpu,2,10000,2000,30000000,0.5819860000046901,1,0.49972656192628406,0.5,-0.000273438073715937,0.018366346312996898,10000,0,python,,,,
mean_n3000_r10000,mean_scale,numpy,3,10000,2000,30000000,0.49844980001216754,1,0.5002850058572491,0.5,0.0002850058572491099,0.018278080873349468,10000,0,python,,,,
mean_n3000_r10000,mean_scale,torch_cpu,3,10000,2000,30000000,0.6036100000201259,1,0.5001234711028578,0.5,0.00012347110285781948,0.018195206312778885,10000,0,python,,,,
mean_n3000_r10000,mean_scale,torch_xpu,3,10000,2000,30000000,0.0140737000037916,1,0.4997867526680231,0.5,-0.00021324733197691792,0.01834176620543855,10000,0,python,,,,
mean_n3000_r10000,mean_scale,torch_cpu,4,10000,2000,30000000,0.6127852000063285,1,0.5001772387777883,0.5,0.00017723877778830222,0.01811396149222825,10000,0,python,,,,
mean_n3000_r10000,mean_scale,torch_xpu,4,10000,2000,30000000,0.013586699991719797,1,0.500151433417201,0.5,0.0001514334172010301,0.018136041986921154,10000,0,python,,,,
mean_n3000_r10000,mean_scale,numpy,4,10000,2000,30000000,0.49870759999612346,1,0.4999706873458395,0.5,-2.93126541605071e-05,0.01827473006734275,10000,0,python,,,,
mean_n3000_r10000,mean_scale,torch_xpu,5,10000,2000,30000000,0.013443299976643175,1,0.5000491550534963,0.5,4.9155053496341417e-05,0.018115856179883538,10000,0,python,,,,
mean_n3000_r10000,mean_scale,numpy,5,10000,2000,30000000,0.47714170001563616,1,0.4999519561754783,0.5,-4.8043824521726286e-05,0.018310163370442,10000,0,python,,,,
mean_n3000_r10000,mean_scale,torch_cpu,5,10000,2000,30000000,0.6283394000201952,1,0.5002320433491823,0.5,0.00023204334918225378,0.018280471198810842,10000,0,python,,,,
mean_n5000_r20000,mean_scale,torch_xpu,1,20000,2000,100000000,0.03185729999677278,1,0.5000452487260103,0.5,4.524872601030516e-05,0.014219853819165108,20000,0,python,,,,
mean_n5000_r20000,mean_scale,numpy,1,20000,2000,100000000,1.5365558000048622,1,0.499981518043009,0.5,-1.848195699100108e-05,0.014241858182940355,20000,0,python,,,,
mean_n5000_r20000,mean_scale,torch_cpu,1,20000,2000,100000000,2.2211387999996077,1,0.5000874871380708,0.5,8.748713807082975e-05,0.014178131781409423,20000,0,python,,,,
mean_n5000_r20000,mean_scale,numpy,2,20000,2000,100000000,1.6546254999993835,1,0.49997856326666223,0.5,-2.143673333776519e-05,0.014261092756864609,20000,0,python,,,,
mean_n5000_r20000,mean_scale,torch_cpu,2,20000,2000,100000000,1.9557000999921001,1,0.49997846110954847,0.5,-2.1538890451533454e-05,0.01419142749626824,20000,0,python,,,,
mean_n5000_r20000,mean_scale,torch_xpu,2,20000,2000,100000000,0.036460100003750995,1,0.5000117005378009,0.5,1.1700537800862776e-05,0.014322869279803366,20000,0,python,,,,
mean_n5000_r20000,mean_scale,torch_cpu,3,20000,2000,100000000,1.9435334999870975,1,0.4998777466846724,0.5,-0.00012225331532761397,0.01414529575700733,20000,0,python,,,,
mean_n5000_r20000,mean_scale,torch_xpu,3,20000,2000,100000000,0.03321910000522621,1,0.49989651449173683,0.5,-0.00010348550826316805,0.014133562760156548,20000,0,python,,,,
mean_n5000_r20000,mean_scale,numpy,3,20000,2000,100000000,1.478412299999036,1,0.5001184088990278,0.5,0.00011840889902781093,0.014156005687209922,20000,0,python,,,,
mean_n5000_r20000,mean_scale,torch_xpu,4,20000,2000,100000000,0.038367100001778454,1,0.500066501648724,0.5,6.650164872401554e-05,0.014161522263849584,20000,0,python,,,,
mean_n5000_r20000,mean_scale,numpy,4,20000,2000,100000000,1.4561825999990106,1,0.5000143186038469,0.5,1.4318603846930067e-05,0.014122546656661161,20000,0,python,,,,
mean_n5000_r20000,mean_scale,torch_cpu,4,20000,2000,100000000,1.9154316000058316,1,0.4999404023847941,0.5,-5.959761520590856e-05,0.014187431992200895,20000,0,python,,,,
mean_n5000_r20000,mean_scale,numpy,5,20000,2000,100000000,1.4526772999961395,1,0.49997399980208457,0.5,-2.6000197915432288e-05,0.014020063863583804,20000,0,python,,,,
mean_n5000_r20000,mean_scale,torch_cpu,5,20000,2000,100000000,1.978580900002271,1,0.49997608507372104,0.5,-2.3914926278956194e-05,0.014205959224542063,20000,0,python,,,,
mean_n5000_r20000,mean_scale,torch_xpu,5,20000,2000,100000000,0.0372843999939505,1,0.5001503543585539,0.5,0.00015035435855392798,0.014133196226319976,20000,0,python,,,,
ols_n500_p8,linear_regression,numpy,1,3000,250,12000000,0.16090769998845644,1,0.24978091687364815,0.25,-0.00021908312635185445,0.04679014623232664,3000,0,python,,,,
ols_n500_p8,linear_regression,torch_cpu,1,3000,250,12000000,0.2571329000056721,1,0.2494064409627876,0.25,-0.0005935590372123933,0.04570963094497728,3000,0,python,,,,
ols_n500_p8,linear_regression,torch_xpu,1,3000,250,12000000,0.0222211999935098,1,0.24990816172460714,0.25,-9.183827539285816e-05,0.044680111047749486,3000,0,python,,,,
ols_n500_p8,linear_regression,torch_cpu,2,3000,250,12000000,0.22825780001585372,1,0.24925650114047063,0.25,-0.0007434988595293734,0.04502823816640695,3000,0,python,,,,
ols_n500_p8,linear_regression,torch_xpu,2,3000,250,12000000,0.024007400003029034,1,0.2500589135785897,0.25,5.891357858972546e-05,0.04401523372544062,3000,0,python,,,,
ols_n500_p8,linear_regression,numpy,2,3000,250,12000000,0.17456029998720624,1,0.24958597734027832,0.25,-0.00041402265972168006,0.04526452275909414,3000,0,python,,,,
ols_n500_p8,linear_regression,torch_xpu,3,3000,250,12000000,0.018020500021521002,1,0.2508172828977307,0.25,0.0008172828977306978,0.045572913801199974,3000,0,python,,,,
ols_n500_p8,linear_regression,numpy,3,3000,250,12000000,0.14951369998743758,1,0.24914901198663614,0.25,-0.0008509880133638625,0.04525132254732011,3000,0,python,,,,
ols_n500_p8,linear_regression,torch_cpu,3,3000,250,12000000,0.2334489000204485,1,0.2490680714913156,0.25,-0.0009319285086843987,0.04459070320212176,3000,0,python,,,,
ols_n500_p8,linear_regression,numpy,4,3000,250,12000000,0.17049049999332055,1,0.2500204784687095,0.25,2.0478468709506092e-05,0.046481831316820967,3000,0,python,,,,
ols_n500_p8,linear_regression,torch_cpu,4,3000,250,12000000,0.2356283999979496,1,0.2494599090574509,0.25,-0.0005400909425490874,0.045209046135765305,3000,0,python,,,,
ols_n500_p8,linear_regression,torch_xpu,4,3000,250,12000000,0.02200159998028539,1,0.24971620962768792,0.25,-0.00028379037231207604,0.045104378785386624,3000,0,python,,,,
ols_n500_p8,linear_regression,torch_cpu,5,3000,250,12000000,0.26560529999551363,1,0.2500529402758588,0.25,5.294027585878158e-05,0.04498435671756799,3000,0,python,,,,
ols_n500_p8,linear_regression,torch_xpu,5,3000,250,12000000,0.03272260000812821,1,0.2497980570023258,0.25,-0.00020194299767420376,0.04546884271471533,3000,0,python,,,,
ols_n500_p8,linear_regression,numpy,5,3000,250,12000000,0.22140959999524057,1,0.2488238570163189,0.25,-0.0011761429836811,0.04506826141351507,3000,0,python,,,,
ipw_n1000,causal_ipw,torch_cpu,1,5000,500,5000000,0.2464343000028748,1,1.0016262410622074,1.0,0.0016262410622074341,0.07790000957784625,5000,0,python,,,,
ipw_n1000,causal_ipw,torch_xpu,1,5000,500,5000000,0.022005800012266263,1,1.0024550573825834,1.0,0.0024550573825834476,0.07689339888956791,5000,0,python,,,,
ipw_n1000,causal_ipw,numpy,1,5000,500,5000000,0.4576060999825131,1,0.9999336055665438,1.0,-6.639443345624052e-05,0.07664430663623424,5000,0,python,,,,
ipw_n1000,causal_ipw,torch_xpu,2,5000,500,5000000,0.009969200007617474,1,1.0001769389986992,1.0,0.00017693899869919427,0.0776629273302587,5000,0,python,,,,
ipw_n1000,causal_ipw,numpy,2,5000,500,5000000,0.4256978000048548,1,1.000902354789556,1.0,0.0009023547895559147,0.07784666488986552,5000,0,python,,,,
ipw_n1000,causal_ipw,torch_cpu,2,5000,500,5000000,0.24175829999148846,1,1.0012271804602777,1.0,0.0012271804602776992,0.07919919264310366,5000,0,python,,,,
ipw_n1000,causal_ipw,numpy,3,5000,500,5000000,0.4674922999984119,1,1.0002679069377147,1.0,0.0002679069377147236,0.07590657258755265,5000,0,python,,,,
ipw_n1000,causal_ipw,torch_cpu,3,5000,500,5000000,0.31806609997875057,1,1.0022049017135573,1.0,0.00220490171355725,0.07830854915266239,5000,0,python,,,,
ipw_n1000,causal_ipw,torch_xpu,3,5000,500,5000000,0.014391800010344014,1,1.0000457116484642,1.0,4.571164846423059e-05,0.0765941890576267,5000,0,python,,,,
ipw_n1000,causal_ipw,torch_cpu,4,5000,500,5000000,0.2482599999930244,1,1.000584041645482,1.0,0.0005840416454820918,0.07744422093547053,5000,0,python,,,,
ipw_n1000,causal_ipw,torch_xpu,4,5000,500,5000000,0.019919800019124523,1,1.0008727159857749,1.0,0.0008727159857748745,0.07752783603678415,5000,0,python,,,,
ipw_n1000,causal_ipw,numpy,4,5000,500,5000000,0.391744499997003,1,0.9993036821636144,1.0,-0.0006963178363855738,0.07647104284630551,5000,0,python,,,,
ipw_n1000,causal_ipw,torch_xpu,5,5000,500,5000000,0.010292499995557591,1,1.001096459853649,1.0,0.0010964598536489234,0.07703340818773577,5000,0,python,,,,
ipw_n1000,causal_ipw,numpy,5,5000,500,5000000,0.3608085000014398,1,1.0007646966390265,1.0,0.000764696639026452,0.07691102403769413,5000,0,python,,,,
ipw_n1000,causal_ipw,torch_cpu,5,5000,500,5000000,0.24143419999745674,1,1.000313296914595,1.0,0.00031329691459491826,0.07701050319748882,5000,0,python,,,,
bootstrap_n2000,bootstrap,torch_xpu,1,5000,500,10000000,0.004795799992280081,1,0.5171826657235622,0.5173388139990247,-0.00015614827546250876,0.02218461122930825,5000,0,python,,,,
bootstrap_n2000,bootstrap,numpy,1,5000,500,10000000,0.056867500010412186,1,0.5174166635446964,0.5173388139990247,7.784954567169322e-05,0.02233522617073227,5000,0,python,,,,
bootstrap_n2000,bootstrap,torch_cpu,1,5000,500,10000000,0.0433218999824021,1,0.5168149462527036,0.5173388139990247,-0.0005238677463210717,0.022430316802493085,5000,0,python,,,,
bootstrap_n2000,bootstrap,numpy,2,5000,500,10000000,0.08375499999965541,1,0.5175429522140157,0.5173388139990247,0.00020413821499098983,0.022260194188504393,5000,0,python,,,,
bootstrap_n2000,bootstrap,torch_cpu,2,5000,500,10000000,0.042082700005266815,1,0.5175209532930487,0.5173388139990247,0.00018213929402399742,0.02300453445830513,5000,0,python,,,,
bootstrap_n2000,bootstrap,torch_xpu,2,5000,500,10000000,0.009794200013857335,1,0.5173673719346523,0.5173388139990247,2.855793562761555e-05,0.022724381518351315,5000,0,python,,,,
bootstrap_n2000,bootstrap,torch_cpu,3,5000,500,10000000,0.041199700004654005,1,0.5172527808150719,0.5173388139990247,-8.603318395283832e-05,0.022100932269458706,5000,0,python,,,,
bootstrap_n2000,bootstrap,torch_xpu,3,5000,500,10000000,0.009170599980279803,1,0.5174630797803402,0.5173388139990247,0.00012426578131552457,0.02255229417806989,5000,0,python,,,,
bootstrap_n2000,bootstrap,numpy,3,5000,500,10000000,0.08333700001821853,1,0.5175627101290674,0.5173388139990247,0.00022389613004270004,0.022166970084701323,5000,0,python,,,,
bootstrap_n2000,bootstrap,torch_xpu,4,5000,500,10000000,0.00835619997815229,1,0.5168687660038471,0.5173388139990247,-0.00047004799517758045,0.02295758052355862,5000,0,python,,,,
bootstrap_n2000,bootstrap,numpy,4,5000,500,10000000,0.08200840000063181,1,0.5177301117151752,0.5173388139990247,0.00039129771615054043,0.022484873164787488,5000,0,python,,,,
bootstrap_n2000,bootstrap,torch_cpu,4,5000,500,10000000,0.04207460000179708,1,0.517025794731374,0.5173388139990247,-0.00031301926765070487,0.02288115628458628,5000,0,python,,,,
bootstrap_n2000,bootstrap,numpy,5,5000,500,10000000,0.08225300000049174,1,0.5171558124323445,0.5173388139990247,-0.0001830015666801632,0.02294975457211687,5000,0,python,,,,
bootstrap_n2000,bootstrap,torch_cpu,5,5000,500,10000000,0.04196240002056584,1,0.5173708742434537,0.5173388139990247,3.206024442903299e-05,0.02262039835472762,5000,0,python,,,,
bootstrap_n2000,bootstrap,torch_xpu,5,5000,500,10000000,0.008552499988581985,1,0.517295200496912,0.5173388139990247,-4.361350211268267e-05,0.022685419198235378,5000,0,python,,,,
mean_n5000_r20000,mean_scale,base_r_batched,1,20000,2000,100000000,3.28,1,0.500063305698451,0.5,6.33056984508107e-05,0.0141323323733755,20000,0,r_fixed_seed_timing,,R version 4.6.0 (2026-04-24 ucrt),x86_64-w64-mingw32,r_benchmark_equal_reps_run.zip!r_benchmark_equal_reps_run_01.csv
mean_n5000_r20000,mean_scale,base_r_scalar_loop,2,20000,1,100000000,2.9,1,0.500063305698451,0.5,6.33056984508107e-05,0.0140881686874052,20000,0,r_fixed_seed_timing,,R version 4.6.0 (2026-04-24 ucrt),x86_64-w64-mingw32,r_benchmark_equal_reps_run.zip!r_benchmark_equal_reps_run_01.csv
mean_n5000_r20000,mean_scale,base_r_batched,1,20000,2000,100000000,3.16,1,0.500063305698451,0.5,6.33056984508107e-05,0.0141323323733755,20000,0,r_fixed_seed_timing,,R version 4.6.0 (2026-04-24 ucrt),x86_64-w64-mingw32,r_benchmark_equal_reps_run.zip!r_benchmark_equal_reps_run_02.csv
mean_n5000_r20000,mean_scale,base_r_scalar_loop,2,20000,1,100000000,2.95,1,0.500063305698451,0.5,6.33056984508107e-05,0.0140881686874052,20000,0,r_fixed_seed_timing,,R version 4.6.0 (2026-04-24 ucrt),x86_64-w64-mingw32,r_benchmark_equal_reps_run.zip!r_benchmark_equal_reps_run_02.csv
mean_n5000_r20000,mean_scale,base_r_batched,1,20000,2000,100000000,3.2,1,0.500063305698451,0.5,6.33056984508107e-05,0.0141323323733755,20000,0,r_fixed_seed_timing,,R version 4.6.0 (2026-04-24 ucrt),x86_64-w64-mingw32,r_benchmark_equal_reps_run.zip!r_benchmark_equal_reps_run_03.csv
mean_n5000_r20000,mean_scale,base_r_scalar_loop,2,20000,1,100000000,2.9,1,0.500063305698451,0.5,6.33056984508107e-05,0.0140881686874052,20000,0,r_fixed_seed_timing,,R version 4.6.0 (2026-04-24 ucrt),x86_64-w64-mingw32,r_benchmark_equal_reps_run.zip!r_benchmark_equal_reps_run_03.csv
mean_n5000_r20000,mean_scale,base_r_batched,1,20000,2000,100000000,3.22,1,0.500063305698451,0.5,6.33056984508107e-05,0.0141323323733755,20000,0,r_fixed_seed_timing,,R version 4.6.0 (2026-04-24 ucrt),x86_64-w64-mingw32,r_benchmark_equal_reps_run.zip!r_benchmark_equal_reps_run_04.csv
mean_n5000_r20000,mean_scale,base_r_scalar_loop,2,20000,1,100000000,2.93,1,0.500063305698451,0.5,6.33056984508107e-05,0.0140881686874052,20000,0,r_fixed_seed_timing,,R version 4.6.0 (2026-04-24 ucrt),x86_64-w64-mingw32,r_benchmark_equal_reps_run.zip!r_benchmark_equal_reps_run_04.csv
mean_n5000_r20000,mean_scale,base_r_batched,1,20000,2000,100000000,3.17,1,0.500063305698451,0.5,6.33056984508107e-05,0.0141323323733755,20000,0,r_fixed_seed_timing,,R version 4.6.0 (2026-04-24 ucrt),x86_64-w64-mingw32,r_benchmark_equal_reps_run.zip!r_benchmark_equal_reps_run_05.csv
mean_n5000_r20000,mean_scale,base_r_scalar_loop,2,20000,1,100000000,2.91,1,0.500063305698451,0.5,6.33056984508107e-05,0.0140881686874052,20000,0,r_fixed_seed_timing,,R version 4.6.0 (2026-04-24 ucrt),x86_64-w64-mingw32,r_benchmark_equal_reps_run.zip!r_benchmark_equal_reps_run_05.csv
