workload,reference,candidate,speedup,speedup_ci_low,speedup_ci_high
bootstrap_n2000,numpy,torch_xpu,9.617421819386566,6.649225382792533,17.15104886210777
bootstrap_n2000,numpy,torch_cpu,1.9549324294700026,1.351587418727291,1.9964465758537142
ipw_n1000,numpy,torch_cpu,1.7274291768633212,1.3383941263570525,1.8970261038863434
ipw_n1000,numpy,torch_xpu,29.579190907244907,17.80187495017861,45.420675268417696
mean_n1000_r10000,numpy,torch_xpu,25.63267851479411,21.04517580752668,36.752906137060975
mean_n1000_r10000,numpy,torch_cpu,0.8513172041483131,0.7738615629562193,0.889475189647334
mean_n2000_r10000,numpy,torch_cpu,0.8941456009608301,0.7825505530062211,1.0213565227647057
mean_n2000_r10000,numpy,torch_xpu,35.761711455756696,31.29842281400127,48.73021418788864
mean_n250_r10000,numpy,torch_cpu,0.8482304262053567,0.7086284092050452,0.9032994754668273
mean_n250_r10000,numpy,torch_xpu,9.916912068215245,7.625014014215803,10.636054368314031
mean_n3000_r10000,numpy,torch_cpu,0.822145638529606,0.774984774467756,0.8564635575566261
mean_n3000_r10000,numpy,torch_xpu,35.417111340861325,32.20625709450294,37.097111636472754
mean_n5000_r20000,numpy,torch_xpu,40.54877248956908,38.53333454784193,48.232455360640074
mean_n5000_r20000,numpy,torch_cpu,0.7559504138722536,0.6656100465217649,0.8460527767043972
mean_n5000_r20000,base_r_batched,numpy,2.1644841564170476,1.933972370183581,2.2185962603274736
mean_n5000_r20000,base_r_batched,torch_cpu,1.6362426938634027,1.440702400048374,1.681083260811922
mean_n5000_r20000,base_r_batched,torch_xpu,87.76717561583172,83.40479212272152,100.44793502036167
mean_n5000_r20000,base_r_scalar_loop,numpy,1.9683277797417527,1.7587061241356938,2.016965502254208
mean_n5000_r20000,base_r_scalar_loop,torch_cpu,1.487958199732032,1.31013874504399,1.5192398412927617
mean_n5000_r20000,base_r_scalar_loop,torch_xpu,79.81327532564697,75.84623283659988,91.34484090914138
mean_n500_r10000,numpy,torch_cpu,0.8458339286683285,0.8033488366489089,0.8989666413277829
mean_n500_r10000,numpy,torch_xpu,18.05483155675934,16.183514899236787,21.150674738328473
ols_n500_p8,numpy,torch_cpu,0.723556668019662,0.6058150947709792,0.9396558309489316
ols_n500_p8,numpy,torch_xpu,7.672425433510168,5.210175840274647,9.963890341651586
