workload,family,backend,source_type,reps,size_metric,runs,median_seconds,median_ci_low,median_ci_high,mean_seconds,sd_seconds,cv_percent,q1_seconds,q3_seconds,min_seconds,max_seconds,observations_per_second
bootstrap_n2000,bootstrap,numpy,python,5000,10000000,5,0.08225300000049174,0.056867500010412186,0.08375499999965541,0.07764418000588194,0.011637314877459965,14.988006669113357,0.08200840000063181,0.08333700001821853,0.056867500010412186,0.08375499999965541,121576112.7246449
bootstrap_n2000,bootstrap,torch_cpu,python,5000,10000000,5,0.04207460000179708,0.041199700004654005,0.0433218999824021,0.042128260002937165,0.0007614894473745135,1.8075501986586267,0.04196240002056584,0.042082700005266815,0.041199700004654005,0.0433218999824021,237673085.41430894
bootstrap_n2000,bootstrap,torch_xpu,python,5000,10000000,5,0.008552499988581985,0.004795799992280081,0.009794200013857335,0.008133859990630299,0.0019492881950464722,23.965106324573217,0.00835619997815229,0.009170599980279803,0.004795799992280081,0.009794200013857335,1169248759.2342005
ipw_n1000,causal_ipw,numpy,python,5000,5000000,5,0.4256978000048548,0.3608085000014398,0.4674922999984119,0.42066983999684454,0.04472685369082342,10.632293888993546,0.391744499997003,0.4576060999825131,0.3608085000014398,0.4674922999984119,11745421.282287525
ipw_n1000,causal_ipw,torch_cpu,python,5000,5000000,5,0.2464343000028748,0.24143419999745674,0.31806609997875057,0.259190579992719,0.03304429046186375,12.74903218426843,0.24175829999148846,0.2482599999930244,0.24143419999745674,0.31806609997875057,20289383.417574875
ipw_n1000,causal_ipw,torch_xpu,python,5000,5000000,5,0.014391800010344014,0.009969200007617474,0.022005800012266263,0.015315820008981972,0.005491501769376925,35.855094707018175,0.010292499995557591,0.019919800019124523,0.009969200007617474,0.022005800012266263,347420058.39479995
mean_n1000_r10000,mean_scale,numpy,python,10000,10000000,5,0.1726284000033047,0.15692209999542683,0.18036599998595193,0.17102012000395916,0.008620441788755423,5.040600947160987,0.17124670001794584,0.1739374000171665,0.15692209999542683,0.18036599998595193,57927895.988195255
mean_n1000_r10000,mean_scale,torch_cpu,python,10000,10000000,5,0.20277799997711554,0.19756749999942258,0.2160641999798827,0.20454235998913645,0.007291128701485716,3.5646057383287055,0.1996684999903664,0.20663359999889508,0.19756749999942258,0.2160641999798827,49315014.454864666
mean_n1000_r10000,mean_scale,torch_xpu,python,10000,10000000,5,0.0067347000003792346,0.004696999996667728,0.008137099997838959,0.006604120007250458,0.0013540758508969982,20.503501593102495,0.005919600022025406,0.007532200019340962,0.004696999996667728,0.008137099997838959,1484847134.9038405
mean_n2000_r10000,mean_scale,numpy,python,10000,20000000,5,0.3786450000188779,0.3313876999891363,0.41702830002759583,0.38201047999900767,0.03282735923674419,8.5933137846976,0.3786433999775909,0.40434799998183735,0.3313876999891363,0.41702830002759583,52819923.672576874
mean_n2000_r10000,mean_scale,torch_cpu,python,10000,20000000,5,0.42347129998961464,0.3958930999797303,0.4689358999894466,0.42343273998703806,0.02880625136231402,6.803028826537084,0.401621700002579,0.4272416999738198,0.3958930999797303,0.4689358999894466,47228702.39492142
mean_n2000_r10000,mean_scale,torch_xpu,python,10000,20000000,5,0.010587999975541607,0.00800049997633323,0.011586600012378767,0.010060479992534965,0.001687114661865621,16.76972334438801,0.008557900000596419,0.011569399997824803,0.00800049997633323,0.011586600012378767,1888930869.4937868
mean_n250_r10000,mean_scale,numpy,python,10000,2500000,5,0.04579629999352619,0.038544799986993894,0.04876949999015778,0.04421121999621391,0.004364953269188865,9.872953674570988,0.04075569999986328,0.047189800010528415,0.038544799986993894,0.04876949999015778,54589562.92000451
mean_n250_r10000,mean_scale,torch_cpu,python,10000,2500000,5,0.053990399988833815,0.052916100015863776,0.057513499981723726,0.054511679999995975,0.0018273504773812148,3.352218235397166,0.05331529999966733,0.054823100013891235,0.052916100015863776,0.057513499981723726,46304528.221999556
mean_n250_r10000,mean_scale,torch_xpu,python,10000,2500000,5,0.004618000006303191,0.004364699998404831,0.0053450000123120844,0.004838059999747202,0.0004433688252468697,9.164186166976775,0.004585299990139902,0.005277299991576001,0.004364699998404831,0.0053450000123120844,541359895.3199881
mean_n3000_r10000,mean_scale,numpy,python,10000,30000000,5,0.49844980001216754,0.47489920002408326,0.5049247000133619,0.49082460001227446,0.013783489225576038,2.8082311329202616,0.47714170001563616,0.49870759999612346,0.47489920002408326,0.5049247000133619,60186602.54105364
mean_n3000_r10000,mean_scale,torch_cpu,python,10000,30000000,5,0.6062792000011541,0.5819860000046901,0.6283394000201952,0.6065999600104988,0.016776100713786064,2.7655954203319943,0.6036100000201259,0.6127852000063285,0.5819860000046901,0.6283394000201952,49482152.77704215
mean_n3000_r10000,mean_scale,torch_xpu,python,10000,30000000,5,0.0140737000037916,0.013443299976643175,0.01547680000658147,0.01417422000085935,0.0008061927645120834,5.6877398859563755,0.013586699991719797,0.014290600025560707,0.013443299976643175,0.01547680000658147,2131635603.4246638
mean_n5000_r20000,mean_scale,base_r_batched,r_fixed_seed_timing,20000,100000000,5,3.2,3.16,3.28,3.2060000000000004,0.0477493455452532,1.4893744711557453,3.17,3.22,3.16,3.28,31250000.0
mean_n5000_r20000,mean_scale,base_r_scalar_loop,r_fixed_seed_timing,20000,100000000,5,2.91,2.9,2.95,2.918,0.02167948338867891,0.7429569358697364,2.9,2.93,2.9,2.95,34364261.16838488
mean_n5000_r20000,mean_scale,numpy,python,20000,100000000,5,1.478412299999036,1.4526772999961395,1.6546254999993835,1.5156906999996864,0.08461650651836165,5.582702758443999,1.4561825999990106,1.5365558000048622,1.4526772999961395,1.6546254999993835,67640129.88803273
mean_n5000_r20000,mean_scale,torch_cpu,python,20000,100000000,5,1.9557000999921001,1.9154316000058316,2.2211387999996077,2.0028769799973816,0.12411942100497736,6.197056646241929,1.9435334999870975,1.978580900002271,1.9154316000058316,2.2211387999996077,51132584.18323133
mean_n5000_r20000,mean_scale,torch_xpu,python,20000,100000000,5,0.036460100003750995,0.03185729999677278,0.038367100001778454,0.03543760000029579,0.002773915872717955,7.827606476439717,0.03321910000522621,0.0372843999939505,0.03185729999677278,0.038367100001778454,2742724237.994741
mean_n500_r10000,mean_scale,numpy,python,10000,5000000,5,0.08228669999516569,0.08117969997692853,0.08745570000610314,0.0831002399965655,0.0025150965247204963,3.026581541550836,0.08171160001074895,0.08286749999388121,0.08117969997692853,0.08745570000610314,60763161.00042593
mean_n500_r10000,mean_scale,torch_cpu,python,10000,5000000,5,0.09728469999390654,0.09474060000502504,0.10242959999595769,0.09814179999521003,0.003084705404404429,3.14311068734727,0.09620699999504723,0.10004709998611361,0.09474060000502504,0.10242959999595769,51395543.18729643
mean_n500_r10000,mean_scale,torch_xpu,python,10000,5000000,5,0.0045575999829452485,0.0038904999964870512,0.005084600008558482,0.004494140000315383,0.0004834586609654322,10.75753449895875,0.004139900003792718,0.004798100009793416,0.0038904999964870512,0.005084600008558482,1097068636.7189384
ols_n500_p8,linear_regression,numpy,python,3000,12000000,5,0.17049049999332055,0.14951369998743758,0.22140959999524057,0.17537635999033227,0.02748552378918674,15.67230828071805,0.16090769998845644,0.17456029998720624,0.14951369998743758,0.22140959999524057,70385153.42772843
ols_n500_p8,linear_regression,torch_cpu,python,3000,12000000,5,0.2356283999979496,0.22825780001585372,0.26560529999551363,0.24401466000708752,0.01634386148979,6.697901465967367,0.2334489000204485,0.2571329000056721,0.22825780001585372,0.26560529999551363,50927647.092219874
ols_n500_p8,linear_regression,torch_xpu,python,3000,12000000,5,0.0222211999935098,0.018020500021521002,0.03272260000812821,0.02379466000129469,0.005449429676145405,22.901901837844697,0.02200159998028539,0.024007400003029034,0.018020500021521002,0.03272260000812821,540024841.300419
