workload,family,backend,precision,repeat,validation_seed,reps,batch_size,size_metric,inner_iterations,block_seconds,seconds_per_execution,block_target_reached,runtime_seconds,estimate_mean,truth,bias,rmse,empirical_sd,coverage,coverage_mcse,valid_reps,failed_reps,warnings
psychometric_alpha_n1000_k20,psychometric_reliability,numpy,float32,1,20261002,2000,100,40000000,1,0.6397531000548042,0.6397531000548042,True,0.6397174000157975,0.9624501985311508,0.9625029202871309,-5.272175598014517e-05,0.001676625670240858,0.0016762156496134355,,,2000,0,[]
psychometric_alpha_n1000_k20,psychometric_reliability,numpy,float32,2,20361002,2000,100,40000000,1,0.6404453000286594,0.6404453000286594,True,0.6404105999972671,0.9623998435735701,0.9625029202871309,-0.00010307671356080128,0.0016942584777372791,0.0016915429759027246,,,2000,0,[]
psychometric_alpha_n1000_k20,psychometric_reliability,numpy,float32,3,20461002,2000,100,40000000,1,0.62944210000569,0.62944210000569,True,0.6294076999765821,0.9623979875743388,0.9625029202871309,-0.00010493271279210514,0.0017428397852181144,0.0017401131111353084,,,2000,0,[]
psychometric_alpha_n1000_k20,psychometric_reliability,numpy,float32,4,20561002,2000,100,40000000,1,0.6415909000206739,0.6415909000206739,True,0.6415561999892816,0.9624624552726745,0.9625029202871309,-4.0465014456425585e-05,0.001685011565125787,0.001684946907250441,,,2000,0,[]
psychometric_alpha_n1000_k20,psychometric_reliability,numpy,float32,5,20661002,2000,100,40000000,1,0.6517682000412606,0.6517682000412606,True,0.6517323000007309,0.9624931775331496,0.9625029202871309,-9.7427539813566e-06,0.0017132709766235377,0.0017136717461381538,,,2000,0,[]
psychometric_alpha_n1000_k20,psychometric_reliability,torch_cpu,float32,1,20261002,2000,100,40000000,3,0.6173400999978185,0.20578003333260617,True,0.20598979998612776,0.9624592697024346,0.9625029202871309,-4.365058469635308e-05,0.0016975714489023787,0.0016974345621055607,,,2000,0,[]
psychometric_alpha_n1000_k20,psychometric_reliability,torch_cpu,float32,2,20361002,2000,100,40000000,3,0.5956758999964222,0.19855863333214074,True,0.21028040000237525,0.9624772266447543,0.9625029202871309,-2.5693642376589665e-05,0.0016893573077660562,0.0016895843564891477,,,2000,0,[]
psychometric_alpha_n1000_k20,psychometric_reliability,torch_cpu,float32,3,20461002,2000,100,40000000,3,0.5869448000448756,0.1956482666816252,True,0.19792160001816228,0.9624188498854637,0.9625029202871309,-8.407040166724666e-05,0.0017105556017390764,0.0017089156885638785,,,2000,0,[]
psychometric_alpha_n1000_k20,psychometric_reliability,torch_cpu,float32,4,20561002,2000,100,40000000,3,0.5650349000352435,0.1883449666784145,True,0.18810069997562096,0.9624923378527165,0.9625029202871309,-1.0582434414430075e-05,0.0017327815278235504,0.0017331825628439884,,,2000,0,[]
psychometric_alpha_n1000_k20,psychometric_reliability,torch_cpu,float32,5,20661002,2000,100,40000000,3,0.5742663000128232,0.1914221000042744,True,0.1881516000139527,0.9624181253910066,0.9625029202871309,-8.479489612434055e-05,0.0016854341808772077,0.0016837207789568984,,,2000,0,[]
psychometric_alpha_n1000_k20,psychometric_reliability,torch_xpu,float32,1,20261002,2000,100,40000000,14,0.5255011000554077,0.03753579286110055,True,0.03538479999406263,0.9624793269634245,0.9625029202871309,-2.359332370638345e-05,0.0017286204165401367,0.0017288916775704242,,,2000,0,[]
psychometric_alpha_n1000_k20,psychometric_reliability,torch_xpu,float32,2,20361002,2000,100,40000000,14,0.5325852999812923,0.03804180714152088,True,0.039447099959943444,0.9624505418241024,0.9625029202871309,-5.2378463028524e-05,0.0016690386845046186,0.0016686338113504314,,,2000,0,[]
psychometric_alpha_n1000_k20,psychometric_reliability,torch_xpu,float32,3,20461002,2000,100,40000000,14,0.5182022000080906,0.03701444285772076,True,0.036504399962723255,0.9624230518341065,0.9625029202871309,-7.986845302443424e-05,0.0017300740995273443,0.0017286617817967602,,,2000,0,[]
psychometric_alpha_n1000_k20,psychometric_reliability,torch_xpu,float32,4,20561002,2000,100,40000000,14,0.721037500014063,0.05150267857243307,True,0.04521359998034313,0.9624216946363451,0.9625029202871309,-8.122565078583222e-05,0.0017053538467293671,0.0017038443822862915,,,2000,0,[]
psychometric_alpha_n1000_k20,psychometric_reliability,torch_xpu,float32,5,20661002,2000,100,40000000,14,0.5228312999824993,0.03734509285589281,True,0.03737929998897016,0.9624245038926602,0.9625029202871309,-7.841639447070392e-05,0.0017128211664615557,0.0017114531116082506,,,2000,0,[]
cluster_trial_j100_m30,multilevel_education,numpy,float32,1,20261002,5000,500,15000000,3,0.5931692000012845,0.19772306666709483,True,0.1730418000370264,0.19815237018112095,0.2,-0.0018476298188790652,0.08500850934434553,0.08499692830075793,0.948,0.00313993630508646,5000,0,[]
cluster_trial_j100_m30,multilevel_education,numpy,float32,2,20361002,5000,500,15000000,3,0.6373648000298999,0.21245493334329998,True,0.2058991999947466,0.20096397221535445,0.2,0.0009639722153544361,0.08427545674535046,0.08427837169756343,0.9472,0.003162662169755093,5000,0,[]
cluster_trial_j100_m30,multilevel_education,numpy,float32,3,20461002,5000,500,15000000,3,0.6513046000036411,0.21710153333454704,True,0.22164010000415146,0.20018655293490742,0.2,0.00018655293490740799,0.08471518944482619,0.08472345680802909,0.9418,0.0033109744789110054,5000,0,[]
cluster_trial_j100_m30,multilevel_education,numpy,float32,4,20561002,5000,500,15000000,3,0.6270382999791764,0.20901276665972546,True,0.21348629996646196,0.20039429761525243,0.2,0.00039429761525242024,0.0843488544788617,0.08435636893965345,0.9502,0.0030763601869742093,5000,0,[]
cluster_trial_j100_m30,multilevel_education,numpy,float32,5,20661002,5000,500,15000000,3,0.6149493000120856,0.20498310000402853,True,0.20433880004566163,0.20018627285789697,0.2,0.00018627285789696302,0.0866518895789597,0.0866603558351876,0.9386,0.003394997496317192,5000,0,[]
cluster_trial_j100_m30,multilevel_education,torch_cpu,float32,1,20261002,5000,500,15000000,7,0.5543366000056267,0.07919094285794667,True,0.07495510001899675,0.2010013071190566,0.2,0.001001307119056577,0.08614016641750857,0.08614296127046416,0.943,0.00327874976172321,5000,0,[]
cluster_trial_j100_m30,multilevel_education,torch_cpu,float32,2,20361002,5000,500,15000000,7,0.5348397000343539,0.07640567143347912,True,0.07612570002675056,0.20072208181507886,0.2,0.000722081815078851,0.08418552580691996,0.08419084851119227,0.9498,0.003088040155179334,5000,0,[]
cluster_trial_j100_m30,multilevel_education,torch_cpu,float32,3,20461002,5000,500,15000000,7,0.5531566999852657,0.07902238571218081,True,0.08251700003165752,0.19981402008086444,0.2,-0.000185979919135576,0.0844140130631641,0.08442225083581316,0.947,0.0031683118533376744,5000,0,[]
cluster_trial_j100_m30,multilevel_education,torch_cpu,float32,4,20561002,5000,500,15000000,7,0.5303182000061497,0.07575974285802138,True,0.08271619997685775,0.20278876742720603,0.2,0.002788767427206018,0.0847685968211911,0.08473118468428377,0.9458,0.003201948156981934,5000,0,[]
cluster_trial_j100_m30,multilevel_education,torch_cpu,float32,5,20661002,5000,500,15000000,7,0.5396264999872074,0.07708949999817248,True,0.0640506999916397,0.19988635482694955,0.2,-0.0001136451730504584,0.08568554678502016,0.0856940412535422,0.943,0.00327874976172321,5000,0,[]
cluster_trial_j100_m30,multilevel_education,torch_xpu,float32,1,20261002,5000,500,15000000,44,0.5257108999649063,0.011947974999202415,True,0.011851799965370446,0.1995859379785135,0.2,-0.00041406202148649984,0.08374250639364453,0.08374985813408553,0.9466,0.0031795735563122296,5000,0,[]
cluster_trial_j100_m30,multilevel_education,torch_xpu,float32,2,20361002,5000,500,15000000,44,0.5270689000026323,0.011978838636423461,True,0.01287360000424087,0.1990734083533287,0.2,-0.0009265916466713042,0.08539383424783074,0.08539734713002319,0.9462,0.0031907854832313614,5000,0,[]
cluster_trial_j100_m30,multilevel_education,torch_xpu,float32,3,20461002,5000,500,15000000,44,0.5301670000189915,0.012049250000431626,True,0.011466399999335408,0.20182074555642904,0.2,0.0018207455564290265,0.08535417993567174,0.08534329272785589,0.945,0.003224127789030703,5000,0,[]
cluster_trial_j100_m30,multilevel_education,torch_xpu,float32,4,20561002,5000,500,15000000,44,0.5199256999767385,0.011816493181289512,True,0.011018300021532923,0.20179616843126716,0.2,0.0017961684312671478,0.08452495247289844,0.08451431774257519,0.9478,0.003145636978419475,5000,0,[]
cluster_trial_j100_m30,multilevel_education,torch_xpu,float32,5,20661002,5000,500,15000000,44,0.5207953000208363,0.01183625681865537,True,0.011154200008604676,0.20097547089243306,0.2,0.0009754708924330502,0.08513640060240268,0.0851393264305739,0.9492,0.003105458420265838,5000,0,[]
