run,backend,runtime_seconds,estimate_mean,bias,rmse,valid_reps
1,numpy,1.4465194000222255,0.499981518043009,-0.00001848195699100108,0.014241858182940355,20000
1,torch_cpu,2.013437799992971,0.5000874871380708,0.00008748713807082975,0.014178131781409423,20000
1,torch_xpu,0.2714726999984123,0.5000452487260103,0.00004524872601030516,0.014219853819165108,20000
2,numpy,1.4359677000029478,0.499981518043009,-0.00001848195699100108,0.014241858182940355,20000
2,torch_cpu,2.0043347000028007,0.5000874871380708,0.00008748713807082975,0.014178131781409423,20000
2,torch_xpu,0.23761440001544543,0.5000452487260103,0.00004524872601030516,0.014219853819165108,20000
3,numpy,1.4540880999993533,0.499981518043009,-0.00001848195699100108,0.014241858182940355,20000
3,torch_cpu,1.8953477999893948,0.5000874871380708,0.00008748713807082975,0.014178131781409423,20000
3,torch_xpu,0.24212190002435818,0.5000452487260103,0.00004524872601030516,0.014219853819165108,20000
4,numpy,1.4551015999750234,0.499981518043009,-0.00001848195699100108,0.014241858182940355,20000
4,torch_cpu,1.9743501000048127,0.5000874871380708,0.00008748713807082975,0.014178131781409423,20000
4,torch_xpu,0.2542659000027925,0.5000452487260103,0.00004524872601030516,0.014219853819165108,20000
5,numpy,1.440855000022566,0.499981518043009,-0.00001848195699100108,0.014241858182940355,20000
5,torch_cpu,1.9591672999958973,0.5000874871380708,0.00008748713807082975,0.014178131781409423,20000
5,torch_xpu,0.25057010000455193,0.5000452487260103,0.00004524872601030516,0.014219853819165108,20000
